text,timestamp,favorite_count,followers,friends_count
This is actually pretty funny üòÇüòÇüòÇ https://t.co/EPZkyRForx,Tue Apr 07 01:39:10 +0000 2020,0,996,998
@VegasHerrle @zach_edey I agree Haarms would have been great for Zach . But guarding Manny and Tre will pay bigger‚Ä¶ https://t.co/GnbQkRS5qT,Tue Apr 07 01:38:58 +0000 2020,0,1402,321
"Mission: 
Generational Wealth.",Tue Apr 07 01:38:39 +0000 2020,0,609,437
A year ago when all our four-legged and two-legged friends could visit! üå∏Since the Governor extended the Stay-At-Ho‚Ä¶ https://t.co/8zvGsvcaZh,Tue Apr 07 01:38:20 +0000 2020,0,804,308
RT @kkimmyshimmy: Open for a surprise https://t.co/JgBeJqNZES,Tue Apr 07 01:38:00 +0000 2020,0,85,349
@drandrewsharp @DigitalSalmon67 Awful. So sad. üíï,Tue Apr 07 01:38:00 +0000 2020,0,2409,1637
@vortec4253 @BoilerBandsman @LegendofSM And he obviously didn‚Äôt think that. Completely different players but Tre is‚Ä¶ https://t.co/uzE7cmmAIP,Tue Apr 07 01:37:51 +0000 2020,0,852,596
@haslametrics ü§îüßêü§®,Tue Apr 07 01:37:50 +0000 2020,0,44,188
@keturahtits https://t.co/aRYNghm7LJ,Tue Apr 07 01:37:43 +0000 2020,0,473,479
@myg2201 buat gw yg paling epic https://t.co/aDR7KhzJ6t,Tue Apr 07 01:37:42 +0000 2020,0,7615,646
Rip üòî https://t.co/n2ToVyMw4d,Tue Apr 07 01:37:30 +0000 2020,0,96,123
@haslametrics https://t.co/Mbc4wRX3bP,Tue Apr 07 01:37:26 +0000 2020,0,44,188
"üö®üö®üö®IU East Fansüö®üö®üö®

We hope everyone had a great start to the week on this beautiful Monday! Let‚Äôs make this week a‚Ä¶ https://t.co/DufH8BxKNt",Tue Apr 07 01:37:23 +0000 2020,0,604,162
My first ever Purdue Podcast was just posted. Talks about some of our coronavirus work. If your having problems fal‚Ä¶ https://t.co/LDUvdFHrrB,Tue Apr 07 01:37:20 +0000 2020,0,124,73
@FoodNetwork https://t.co/FV4tnUJq0s,Tue Apr 07 01:37:18 +0000 2020,0,3,40
@DrunkenThursday man is this guy a cop or what?,Tue Apr 07 01:36:56 +0000 2020,0,37298,3303
@Nikohybridprice My god the violence is gonna be insane. Stay safe sirüôè,Tue Apr 07 01:36:47 +0000 2020,0,505,722
@BloodRoseRuby Me when someone autolocks Kai'sa,Tue Apr 07 01:36:20 +0000 2020,0,123,412
@AvrilMHarder Yessss!,Tue Apr 07 01:36:15 +0000 2020,0,362,875
"RT @PurdueEDU: Alumni, record a children‚Äôs story to be shared by Purdue Alumni Association! Learn more here: https://t.co/EcTYTgrmYg
Thanks‚Ä¶",Tue Apr 07 01:36:09 +0000 2020,0,295,652
Congrats to Paul! https://t.co/vTdCyIN02t,Tue Apr 07 01:36:06 +0000 2020,0,749,870
Keep voting! https://t.co/Q8KVfX0DZi,Tue Apr 07 01:35:53 +0000 2020,4,119093,152
@_emily_vo me in 2018 LOL,Tue Apr 07 01:35:52 +0000 2020,0,79,334
@OnchEcoEvo Might have to try a recipe this weekend,Tue Apr 07 01:35:20 +0000 2020,0,332,733
"RT @jnessy_: @wordfangs coba ngomong sama pekerja harian yg jangankan buat bayar kontrakan sama listrik, buat makan aja mereka susah",Tue Apr 07 01:34:54 +0000 2020,0,964,2243
I wish this was a world where you could confront someone with your feelings instead of tweeting about it.,Tue Apr 07 01:34:48 +0000 2020,0,438,271
RT @SoilBiology: American Hemp Dreams Are Being Crushed By These 5 Challenges https://t.co/uyZmGbQxLY,Tue Apr 07 01:34:39 +0000 2020,0,1004,573
"@beepbeepashlyn I was gonna respond to this by saying ""times like these ya gotta take any win ya can get"" but that'‚Ä¶ https://t.co/Pkl47t29W5",Tue Apr 07 01:34:19 +0000 2020,0,36,134
"RT @kkimmyshimmy: These are the last pieces left from my update yesterday ‚òÄÔ∏èüåô‚ú®

Thank you guys SO much for all of the love and support I am‚Ä¶",Tue Apr 07 01:34:11 +0000 2020,0,6033,753
RT @jconline: Steven Beering was Purdue president from 1983 to 2000. The university reported this evening that he died. Beering was 87 and‚Ä¶,Tue Apr 07 01:33:51 +0000 2020,0,49,140
@collective_dh @burrowsdt @DalaiLama @PurdueDH So this is actually a noun entity and not a true correlation. The na‚Ä¶ https://t.co/rUyQwwDSbM,Tue Apr 07 01:33:50 +0000 2020,0,14,117
"RT @HempMarguerite: I have become an amateur video editor. I don‚Äôt think I can call myself a true Youtuber, but I do have a channel featuri‚Ä¶",Tue Apr 07 01:33:43 +0000 2020,0,1004,573
"@BrandonColaiLy Play apex, played it today, really refreshing switch from cod",Tue Apr 07 01:33:28 +0000 2020,0,505,722
"RT @kkimmyshimmy: These are the last resin pieces available from my update last night üñ§‚ú®üåø

https://t.co/8EZA16T8hO https://t.co/1R7VPghUl2",Tue Apr 07 01:33:20 +0000 2020,0,6033,753
"Here‚Äôs how my room is doing at April 6, 2020 at 09:26PM: 
celsius: 19.80,
humidity: 25.00,
light: 0.02
#CrossChannelStudio",Tue Apr 07 01:33:15 +0000 2020,0,0,0
"RT @BNCPurdue: BNC researcher Miko Cakmak, Reilly Professor of MSE and @PurdueME &amp; BNC staff are working hard to produce lenses and face sh‚Ä¶",Tue Apr 07 01:33:10 +0000 2020,0,118,129
@WhistleSports It‚Äôs so true but y‚Äôall count rings not game and Impact.  If you watched Basketball back then it was‚Ä¶ https://t.co/iCcunQ6X0A,Tue Apr 07 01:32:43 +0000 2020,0,12,68
U da MAN Chuck! https://t.co/Yk9IP44Jmq,Tue Apr 07 01:32:33 +0000 2020,0,138,88
Ufc 249 is gonna be a banger,Tue Apr 07 01:32:28 +0000 2020,0,505,722
"RT @kkimmyshimmy: These are the last resin pieces available from my update last night üñ§‚ú®üåø

https://t.co/8EZA16T8hO https://t.co/1R7VPghUl2",Tue Apr 07 01:32:20 +0000 2020,0,11164,1223
@ToyaJFrank I love every word of this tweet. Congratulations! üçæ,Tue Apr 07 01:32:15 +0000 2020,1,6544,6283
"RT @kkimmyshimmy: These are the last pieces left from my update yesterday ‚òÄÔ∏èüåô‚ú®

Thank you guys SO much for all of the love and support I am‚Ä¶",Tue Apr 07 01:32:11 +0000 2020,0,11164,1223
"RT @WLFI: A positive thing is happening during the statewide coronavirus restrictions: crime is going down. 

There are fewer people in cou‚Ä¶",Tue Apr 07 01:32:10 +0000 2020,0,237,551
@ufc Thug Rose üå∑ üíö @rosenamajunas #MMATwitter #UFC249 https://t.co/P3VdRjkqET,Tue Apr 07 01:32:05 +0000 2020,6,1687,194
@BobbyPierce32 @LoweRacing5J @WoOLateModels @iRacing @dirtvision That red and white for this year is on point!,Tue Apr 07 01:31:57 +0000 2020,0,107,378
NEW BOOK ON COLORS BY PURDUE ALUMNUS April 1916: Research physicist M. Luckeish had written a book on ‚ÄòColor and It‚Ä¶ https://t.co/5LK6QjJUWd,Tue Apr 07 01:31:47 +0000 2020,0,21,0
@snapintuit She was winning that first fight until the slam..think she gets it done,Tue Apr 07 01:31:39 +0000 2020,1,505,722
@DMamba6 Got to bro üòÇüòÇ,Tue Apr 07 01:31:35 +0000 2020,0,1049,927
"@KanyePodcast Oh and Jaded bro, I have to admit FSMH and Ultralight Beam are NOT my thing and Heard Em Say is just‚Ä¶ https://t.co/0jrVfkXLQg",Tue Apr 07 01:31:27 +0000 2020,0,96,123
@brtnynchle Actually repulsive asf,Tue Apr 07 01:31:26 +0000 2020,1,349,510
Who wouldn't want to knock the crap out of Jim whatshisname Roma? Rome?  Rohm??  Nice job BOILERMAKER Jim! https://t.co/S73G75Yr19,Tue Apr 07 01:31:02 +0000 2020,0,138,88
Apex endings&lt;,Tue Apr 07 01:30:49 +0000 2020,0,505,722
"Not okay with this shit happening in my house, we don‚Äôt need cops or snitches fucking with us not cool at all",Tue Apr 07 01:30:48 +0000 2020,0,707,439
RT @RebelCue: @DanLamothe @sam_vinograd @SECNAV via @rabrowne75,Tue Apr 07 01:30:36 +0000 2020,0,19,50
@DanLamothe @sam_vinograd @SECNAV via @rabrowne75 https://t.co/2XXPLCJSdl,Tue Apr 07 01:30:32 +0000 2020,0,19,50
"@JohnGilleard I don‚Äôt know whether my lack of socialisation in recent weeks is kicking in, but I can‚Äôt stop laughing at this. üòÇ",Tue Apr 07 01:30:10 +0000 2020,1,2409,1637
Many Americans won't get coronavirus stimulus checks. https://t.co/o9MyiZnAA5,Tue Apr 07 01:30:00 +0000 2020,0,251,185
@KanyePodcast Only matchups I'm giving Drake here are Jumpman and Nice For What,Tue Apr 07 01:29:56 +0000 2020,0,96,123
I‚Äôm imagining my next tattoo.,Tue Apr 07 01:29:48 +0000 2020,0,67,139
"RT @RolCollinsworth: @darhar981 TBH Most public schools are funded by local property taxs.

How many illegals own property?",Tue Apr 07 01:29:37 +0000 2020,0,3861,4995
@maple_1981 @scotusreporter @davidfrum I AM NOT AN ALGORITHM! https://t.co/9wr3S9ihmc,Tue Apr 07 01:29:04 +0000 2020,0,47,292
"@HIHOpodcast @EllaDouglas96 Late seeing this, but just want to thank @EllaDouglas96 for all of her wonderful perfor‚Ä¶ https://t.co/yvNekmZ59p",Tue Apr 07 01:28:19 +0000 2020,0,89,256
RT @RebelCue: @DanLamothe @sam_vinograd @SECNAV You thought we‚Äôd confuse you saying Capt. Crozier was 'na√Øve and stupid‚Äô with you meaning C‚Ä¶,Tue Apr 07 01:27:51 +0000 2020,0,19,50
@DanLamothe @sam_vinograd @SECNAV You thought we‚Äôd confuse you saying Capt. Crozier was 'na√Øve and stupid‚Äô with you‚Ä¶ https://t.co/v1EQknORaq,Tue Apr 07 01:27:46 +0000 2020,0,19,50
@JohnGilleard Favourite bit: ‚ÄúEveryone the scene was covered with small particles of dead whale.‚Äù,Tue Apr 07 01:27:36 +0000 2020,0,2409,1637
so emo that I would even take that I would even rather it be that one night where the pipes burst in AXO and‚Ä¶ https://t.co/ZY5AcxOPc9,Tue Apr 07 01:27:18 +0000 2020,0,198,212
i genuinely cannot look at him for too long his neck just disappears into his head it looks so unnatural,Tue Apr 07 01:27:13 +0000 2020,0,312,169
My boyfriend taught me this. https://t.co/1rmDTfrbCZ,Tue Apr 07 01:27:04 +0000 2020,0,52,93
"You know that warm fuzzy feeling. #corona #coronamemes #tiger #bronxtiger #madeinamerica @ Lafayette, Indiana https://t.co/59aYFj0Sgy",Tue Apr 07 01:27:02 +0000 2020,0,650,20
@JohnGilleard ü§£,Tue Apr 07 01:26:46 +0000 2020,0,2409,1637
Virtually joining @MSUgymnastics for the 2020 #iFlippin5k on April 18! üèÉüèª‚Äç‚ôÇÔ∏è https://t.co/rOrh9EyziK,Tue Apr 07 01:26:45 +0000 2020,0,89,256
"Live now! 

https://t.co/ILNrLjQZ7k https://t.co/AMoVuhSRGp",Tue Apr 07 01:26:37 +0000 2020,0,441,668
"for just as long as an upper respiratory virus? If this were a fungus I would get it, but it isn‚Äôt, so I‚Äôm just rea‚Ä¶ https://t.co/tNnYYZv1L4",Tue Apr 07 01:26:28 +0000 2020,0,242,154
up to 5 days kind of boggles my mind. If any virus had this sort of ‚Äúshelf life‚Äù wouldn‚Äôt we all have every sort of‚Ä¶ https://t.co/to2DfAysB2,Tue Apr 07 01:26:27 +0000 2020,0,242,154
I‚Äôm not a scientist.. but if I‚Äôm not mistaken viruses don‚Äôt live very long outside of a host (not that a virus is a‚Ä¶ https://t.co/8gCo3wGuXD,Tue Apr 07 01:26:27 +0000 2020,1,242,154
Big long trip back to Michigan so the one year old can see grandma and papa for the first time in months. https://t.co/0kIoEXjGnV,Tue Apr 07 01:26:10 +0000 2020,0,273,327
Way to Boiler Up! https://t.co/6Xlrbo2KOi,Tue Apr 07 01:25:49 +0000 2020,0,138,88
@MLBRandomStats Really looked forward to a bunch of $2 Tuesdays this year :(,Tue Apr 07 01:25:46 +0000 2020,0,55,220
@joletta_huizar You,Tue Apr 07 01:25:28 +0000 2020,1,258,91
"RT @samueltking: Paul Leaf, who spent the last six years as Lafayette Jeff's asst athletic director, will take over lead the athletic depar‚Ä¶",Tue Apr 07 01:25:26 +0000 2020,0,5503,5557
"Steve and Bob Ringle together made sure I stayed at Purdue at a crucial time in my career, and they provided the su‚Ä¶ https://t.co/ybzkCA4mwT",Tue Apr 07 01:25:12 +0000 2020,2,5349,519
"RT @samueltking: Paul Leaf, who spent the last six years as Lafayette Jeff's asst athletic director, will take over lead the athletic depar‚Ä¶",Tue Apr 07 01:25:01 +0000 2020,0,508,315
@JohnGilleard If only they‚Äôd spoken to a veterinary pathologist. üòÇ,Tue Apr 07 01:24:57 +0000 2020,0,2409,1637
@DMamba6 Steel toe boots,Tue Apr 07 01:24:38 +0000 2020,2,1049,927
"RT @alyssamitchem1: This was supposed to be my last season with these girls, but with spring soccer getting cancelled, it will never happen‚Ä¶",Tue Apr 07 01:24:34 +0000 2020,0,138,88
@KatyKelleher @annehelen this right here.,Tue Apr 07 01:24:30 +0000 2020,2,610,1090
"RT @DaveShondell: 4/6 update on Tom Schermerhorn, basically more of the same. Tom remains on ventilator at about 40% assistance. @WestNoble‚Ä¶",Tue Apr 07 01:24:24 +0000 2020,0,174,628
The overtone has been ordered &amp; now we waitüòÅüíï,Tue Apr 07 01:24:20 +0000 2020,0,309,265
"RT @WL_RDP: Love this. Thanks, Coach Fry, for putting this up! #RDP",Tue Apr 07 01:24:14 +0000 2020,0,138,88
"RT @bug_gwen: Stick insects also like the Village People, although they struggled with the M in YMCA ü§î https://t.co/wJrYFZIPcU",Tue Apr 07 01:23:59 +0000 2020,0,70,191
"@ASavageNation If Hydroxychloroquine suppresses immune system, it can't be taken by ppl on biologics. Ie, Adalimuma‚Ä¶ https://t.co/NaNlH2bRQ3",Tue Apr 07 01:23:55 +0000 2020,0,628,11
@JohnGilleard üòÖ,Tue Apr 07 01:23:43 +0000 2020,1,2409,1637
The past three weeks has felt like an eternity and I have never felt sad boi hours harder,Tue Apr 07 01:23:25 +0000 2020,1,198,212
"RT @jnessy_: @mumus72 @GiaPratamaMD PDP model ignorant begini yg harusnya dikasih stigma sama masyarakat sekitar, bukan ODP apalagi yg test‚Ä¶",Tue Apr 07 01:23:08 +0000 2020,0,59,98
#NewProfilePic https://t.co/YLhPiylEbK,Tue Apr 07 01:22:49 +0000 2020,0,269,1759
@Curufean https://t.co/p17ywzEt7O,Tue Apr 07 01:22:46 +0000 2020,0,45,258
RT @Brittne20439610: Trying different looks with my blue blood palette üòçüíôüòç https://t.co/afPrfEvWsb,Tue Apr 07 01:22:43 +0000 2020,0,373,0
My blanket hello to everyone! #BCSM https://t.co/GckvAh31en,Tue Apr 07 01:22:28 +0000 2020,8,1619,1141
"@amethystpen7 Take care, little one!  I need you to be around a long time...expecting great things from you! https://t.co/6PkAp7IcVJ",Tue Apr 07 01:22:15 +0000 2020,0,2146,651
"Hearing my baby fart is kinda cute. Smelling them tho, NOT SO CUTE",Tue Apr 07 01:22:08 +0000 2020,1,52,80
@Nick_Roberttss Literally asking Dems to kill themselves to vote- despicable,Tue Apr 07 01:22:06 +0000 2020,0,1236,819
"Breaking ""Cyclone Harold Slams Into Vanuatu 27 Dead Solomons https://t.co/2s0aKeFbBE via @YouTube",Tue Apr 07 01:22:05 +0000 2020,1,11694,19
"RT @MrKline_EdTech: @MaryBourassa I love @SteveWyborney‚Äôs ‚ÄúSplat Math‚Äù! It‚Äôs a great visual way to show solving equations. Even better, hav‚Ä¶",Tue Apr 07 01:22:04 +0000 2020,0,47,78
RT @blacksheep_pu: not very cash money of him ü§®,Tue Apr 07 01:21:58 +0000 2020,0,137,1564
@rockormiston2 Look at dad and his baby rig. https://t.co/YBUqcl5SN8,Tue Apr 07 01:21:37 +0000 2020,1,508,331
haven't rotated my wheels in 2 years lmao,Tue Apr 07 01:21:36 +0000 2020,0,202,263
it's been a while https://t.co/jHFVYlev5J,Tue Apr 07 01:21:36 +0000 2020,2,202,263
i haven‚Äôt felt this fucking low in years. i feel like my life is falling apart i want to scream,Tue Apr 07 01:21:35 +0000 2020,0,439,975
"@RespectableLaw For the second election in a row, Bernie will not be the nominee because he cannot bring together a‚Ä¶ https://t.co/8paA3SeKv3",Tue Apr 07 01:21:10 +0000 2020,0,935,1910
@sboehm09 Ankney is actually where me and my wife are looking to buy a house ...(again). üòÖ so we will definitely st‚Ä¶ https://t.co/q9SorR3bUz,Tue Apr 07 01:21:04 +0000 2020,0,1053,1038
"A positive thing is happening during the statewide coronavirus restrictions: crime is going down. 

There are fewer‚Ä¶ https://t.co/RLwB2d7YQA",Tue Apr 07 01:20:40 +0000 2020,2,32303,431
Just sat out on the porch and watched the neighborhood bats for the last hour.  It is a beautiful night.,Tue Apr 07 01:20:24 +0000 2020,1,646,282
@AlexisMorganSmi I think you can vouch I do this https://t.co/MTyolR7kkU,Tue Apr 07 01:20:23 +0000 2020,1,238,110
@ryanjengchen @CurranKara ü§™,Tue Apr 07 01:20:09 +0000 2020,0,225,87
RT @JacksChrome: Making the most of this #Monday afternoon üôåüèº w/ a quick clip üì∫ from our üÜíüÜïüíØ Years of Trucking - Trucking in the 2Ô∏è‚É£0Ô∏è‚É£0Ô∏è‚É£‚Ä¶,Tue Apr 07 01:19:51 +0000 2020,0,2939,3779
@keturahtits So Blacktop was too tough on you huh,Tue Apr 07 01:19:38 +0000 2020,1,473,479
Anonymous said: have you noticed that jun says ÏïΩÏπ∏ (yakkan) a lot? it seems like a pet phrase and it's really cute https://t.co/rTszPMG1gN,Tue Apr 07 01:19:21 +0000 2020,1,1439,58
@MicahUpshaw üòÇüòÇüòÇ https://t.co/q9ZZUkTlxI,Tue Apr 07 01:19:19 +0000 2020,0,251,185
"RT @PurdueChicks: ‚ö™Ô∏èSingle
‚ö™Ô∏èTaken
üîòStraight up not having a good 
     time away from purdue",Tue Apr 07 01:19:05 +0000 2020,0,139,317
Hey everyone check out my friend over at RC Insiders                                                        Redact‚Ä¶ https://t.co/U6uGG3S07a,Tue Apr 07 01:18:36 +0000 2020,0,37,96
i‚Äôm more of a brownie person but cake is good too ü§≠ https://t.co/Zp06fBGKEU,Tue Apr 07 01:18:33 +0000 2020,5,383,126
This stupid virus needs to go away so I can go back to finishing my tattoo sleeve,Tue Apr 07 01:18:25 +0000 2020,1,468,295
THISüòÇüòÇüòÇüòÇüòÇüòÇüòÇüòÇ https://t.co/kW8ZNxOm45,Tue Apr 07 01:18:16 +0000 2020,0,501,969
@CurranKara @SwimNoah113 gottem!!!!!,Tue Apr 07 01:17:58 +0000 2020,0,359,1288
"RT @BeneathThePaint: It‚Äôs sad to see Haarms go, not just losing the player, but the fact he looked like he was always having so much damn f‚Ä¶",Tue Apr 07 01:17:56 +0000 2020,0,146,129
RT @PurdueBookstore: We are deeply saddened by the passing of a Purdue great. President Beering will forever be remembered as an important‚Ä¶,Tue Apr 07 01:17:54 +0000 2020,0,4,138
@CharlesPPierce They‚Äôre not even trying to hide it anymore. Roberts and the boys are all in for Trump.,Tue Apr 07 01:17:43 +0000 2020,0,935,1910
RT @JayAkridge: Purdue President Emeritus Steven Beering remembered https://t.co/KRSBgBTGPY,Tue Apr 07 01:17:23 +0000 2020,0,1701,89
‚ù§Ô∏è https://t.co/M6VNQZclak,Tue Apr 07 01:17:21 +0000 2020,2,343,263
Haha YES! üòÇ https://t.co/sLYHqGeeSj,Tue Apr 07 01:16:51 +0000 2020,0,251,185
"RT @PurdueBaseball: @NCAACWS Alexander Field, the home of the #Boilermakers since the fall of 2012. #BoilerUp

https://t.co/jjZQa4UtyM http‚Ä¶",Tue Apr 07 01:15:52 +0000 2020,0,182,1999
RT @lostharpy: @confusedophan https://t.co/IFtDFLM6vt,Tue Apr 07 01:15:18 +0000 2020,0,785,814
".@sammyhagar and The Circle have done a cover of The Who's ""Won't Get Fooled Again."" https://t.co/XyPSqIJlNQ",Tue Apr 07 01:15:02 +0000 2020,1,942,2133
"RT @GradPurdue: Only one week left to tell your story! 
Register today @ https://t.co/wB2A7Gdirj https://t.co/ZMBBPBtezm",Tue Apr 07 01:14:59 +0000 2020,0,1057,769
@MariaMares_ I don't want to interrupt his date tho,Tue Apr 07 01:14:54 +0000 2020,0,52,80
i‚Äôm so socially deprived that if jehovah‚Äôs witness came to the door rn i‚Äôd honestly probably hear them out,Tue Apr 07 01:14:33 +0000 2020,5,164,210
RT @JayAkridge: Purdue President Emeritus Steven Beering remembered https://t.co/KRSBgBTGPY,Tue Apr 07 01:14:29 +0000 2020,0,1057,769
@ChadACarter1996 @CBBonFOX @BoilerBall @ButlerMBB As long as it's not the Crossroad Classic... üôÑ,Tue Apr 07 01:14:27 +0000 2020,0,2714,1257
@sboehm09 @SyngentaUS We will have to meet up some point Shannon! I‚Äôll be right down the road. Excited to be coming‚Ä¶ https://t.co/JHGZzhRJHR,Tue Apr 07 01:14:11 +0000 2020,0,1053,1038
üòÇüòÇüòÇüòÇ https://t.co/Z1LpAsVcqO,Tue Apr 07 01:14:04 +0000 2020,1,251,185
@behrmarq üòÇ what?!,Tue Apr 07 01:13:49 +0000 2020,1,251,185
RT @joletta_huizar: @InRodITrust24 I‚Äôm coming to see @AshlynnSexton anyways üôÑ,Tue Apr 07 01:13:46 +0000 2020,0,51,50
My week on Twitter üéâ: 1 Mention. See yours with https://t.co/AMgYaLy95m https://t.co/7GcINZ3Bss,Tue Apr 07 01:13:44 +0000 2020,0,1619,1141
@DalaniYoung Happy Birthday and remember to Uber/Lyft home from the kitchen! I hear there's a check point outside t‚Ä¶ https://t.co/O4EpurUoSF,Tue Apr 07 01:13:14 +0000 2020,1,2714,1257
@AyeyoKEJO You wanna fight those refs? I wanna fight the guy who messed up the clock in that Purdue game smh,Tue Apr 07 01:13:10 +0000 2020,0,345,732
i love @AnnaAkana and every piece of her art. i have since i was 13 and i still do.,Tue Apr 07 01:13:04 +0000 2020,0,169,496
@InRodITrust24 I‚Äôm coming to see @AshlynnSexton anyways üôÑ,Tue Apr 07 01:13:04 +0000 2020,0,316,313
RT @jconline: Steven Beering was Purdue president from 1983 to 2000. The university reported this evening that he died. Beering was 87 and‚Ä¶,Tue Apr 07 01:12:52 +0000 2020,0,2639,874
"RT @PurdueSoccer: Happy National Student-Athlete Day to our Boilermakers! Every day, you make us proud, inspire us and are shining examples‚Ä¶",Tue Apr 07 01:12:31 +0000 2020,0,68286,650
"A recommended breakfast in 1917 consisted of fruit, whole grain cereal, bread, a hot beverage, and a protein such as eggs, meat, or fish.",Tue Apr 07 01:12:19 +0000 2020,0,21,0
"RT @PurdueSports: Our student-athletes are #Boilermaker strong. üí™

#NationalStudentAthleteDay! üôå
#NatlSADay üî® 
#BoilerUp üöÇ
@PurdueTrackXC ü•á‚Ä¶",Tue Apr 07 01:12:14 +0000 2020,0,6697,323
@DanLamothe @GlennKesslerWP @SECNAV Resign.,Tue Apr 07 01:12:05 +0000 2020,0,19,50
Shorter version:  it‚Äôs Monday https://t.co/FQy7uiMeYF,Tue Apr 07 01:11:50 +0000 2020,0,508,1752
"@WidhalmLab Of course, it's not just the one paper, it's the fact that  people around the world are having serious‚Ä¶ https://t.co/Vhc59Xn71X",Tue Apr 07 01:11:42 +0000 2020,0,915,281
@Curufean https://t.co/SScfb17je3,Tue Apr 07 01:11:16 +0000 2020,0,45,258
RT @KnoyTyler: trying to teach lil bro these routes for next year @CarterKnoy coach bk @BK_106 @KholderfHR https://t.co/ifWjVzYU5o,Tue Apr 07 01:10:59 +0000 2020,0,235,372
@TheActualCC Yes!!!,Tue Apr 07 01:10:58 +0000 2020,0,23,279
"@ChuckWendig *peers at Steam clock*

Says here the answer is Kerbal Space Program",Tue Apr 07 01:10:56 +0000 2020,1,9,218
@InRodITrust24 https://t.co/RcpknRIUHA,Tue Apr 07 01:10:55 +0000 2020,1,316,313
@MariaMares_ Tell him its past his bedtime pls,Tue Apr 07 01:10:09 +0000 2020,0,52,80
RT @blacksheep_pu: not very cash money of him ü§®,Tue Apr 07 01:10:05 +0000 2020,0,194,592
I‚Äôve had a migraine all day so let‚Äôs pray it stops soon. https://t.co/a2xqxjYH0X,Tue Apr 07 01:10:01 +0000 2020,1,199,94
"Happy number 2,356,489 day of quarantine #BCSM peeps! Ginny here, dx TN #IBC 1994, endometrial ca 2019. Proud owner‚Ä¶ https://t.co/fuzpnT3S8X",Tue Apr 07 01:10:01 +0000 2020,7,1619,1141
@oKay_Daddy_ i can‚Äôt help myself its the mania,Tue Apr 07 01:09:58 +0000 2020,1,289,383
"@chillbrains Oh hay, not bad!",Tue Apr 07 01:09:43 +0000 2020,1,252,291
@slammin_scott TELL THAT TO MY MOUTH!,Tue Apr 07 01:09:36 +0000 2020,0,505,722
@13CourtneyP @audcurley @OnlyHermonJames @Pink_Ether @NorrisDeezy @TheZeldaKing420 @RektRhys @DeadByBHVR Alright I‚Ä¶ https://t.co/uSr1EJToW6,Tue Apr 07 01:08:50 +0000 2020,1,568,704
RT @Brittne20439610: Trying different looks with my blue blood palette üòçüíôüòç https://t.co/afPrfEvWsb,Tue Apr 07 01:08:09 +0000 2020,0,720,1
Yessss! HI IM DAVE! üòÇüòç https://t.co/fQ8JWEgi2D,Tue Apr 07 01:07:56 +0000 2020,0,526,977
@ChiSportsDay rodgers,Tue Apr 07 01:07:47 +0000 2020,1,165,325
Truly‚Äôs and Ozark. Happy Monday fam ‚úäüèº,Tue Apr 07 01:07:28 +0000 2020,0,526,977
@beepbeepashlyn #yolo?,Tue Apr 07 01:07:22 +0000 2020,1,36,134
I wish I never knew you..,Tue Apr 07 01:06:47 +0000 2020,0,21,125
"@ReadMoreScience And I-eye-eye, will always (dramatic pause) support youuuu

sorry, a bit of an ‚Äò80‚Äôs flashback there",Tue Apr 07 01:06:34 +0000 2020,0,2764,3014
"RT @kkimmyshimmy: The final moons from my update üåô

Tiger's eye + aquamarine üíô
Rose quartz + green tourmaline üíö

$50 each ‚ú®
https://t.co/8E‚Ä¶",Tue Apr 07 01:06:01 +0000 2020,0,11164,1223
Drunk thoughts really be fuckin you upüòÇü§¶üèΩ‚Äç‚ôÇÔ∏èü§∑üèΩ‚Äç‚ôÇÔ∏è,Tue Apr 07 01:05:36 +0000 2020,0,367,341
I‚Äôm just ready for tailgates and Breakfast Club,Tue Apr 07 01:05:23 +0000 2020,2,65,137
@InRodITrust24 https://t.co/UQvssL2vhx,Tue Apr 07 01:04:50 +0000 2020,1,316,313
I am done wasting my thoughts &amp; energy on someone who had the nerve to straight up lie about me and continues to do‚Ä¶ https://t.co/9WE0zVdpAm,Tue Apr 07 01:04:49 +0000 2020,0,437,1010
No matter where we are ‚Äî in West Lafayette or learning/teaching remotely all over the world ‚Äî we are still BOILERMA‚Ä¶ https://t.co/RpLoeWQZFV,Tue Apr 07 01:04:41 +0000 2020,3,2857,888
@AvrilMHarder Coffee Crisp is the GOAT,Tue Apr 07 01:04:29 +0000 2020,1,214,208
@NPRMommy @Banana_Kins @GinnysHighJinx Welcome to my life,Tue Apr 07 01:03:48 +0000 2020,2,215,243
@Hannah00300 110% agree,Tue Apr 07 01:03:34 +0000 2020,0,65,137
@InRodITrust24 I‚Äôm coming for ya too https://t.co/KPzJ6VTtfj,Tue Apr 07 01:02:58 +0000 2020,1,316,313
"@kjay_lil_thief Lol HMU if you wanna play I got the same gameüòÇüòÇ I‚Äôm  always here for you brother, I would kill to n‚Ä¶ https://t.co/wOFoa7P8mL",Tue Apr 07 01:02:55 +0000 2020,0,367,341
If @whoisaddison likes this it means there gotta be a girl out there that likes meü§∑üèª‚Äç‚ôÇÔ∏èüôÑ,Tue Apr 07 01:02:52 +0000 2020,0,713,750
"In 1918, as World War I persisted, 'the variety of foods in the diet (are limited, and) milk becomes more important‚Ä¶ https://t.co/wpk8GFCEx6",Tue Apr 07 01:02:21 +0000 2020,0,21,0
"will probably never see it but a thompson, hunter, sasha, nojel, and wheeler lineup would be very entertaining",Tue Apr 07 01:02:18 +0000 2020,3,852,596
RT @PurdueBookstore: We are deeply saddened by the passing of a Purdue great. President Beering will forever be remembered as an important‚Ä¶,Tue Apr 07 01:01:54 +0000 2020,0,1777,124
RT @BallGame_SWISH: With jobs and shit shutting down I hope y‚Äôall hustle hand right,Tue Apr 07 01:01:39 +0000 2020,0,737,682
"‚ÄúIf you know something is hurting someone else, you shouldn‚Äôt WANT to invoke that pain on them‚Äù üëèüèªüëèüèª https://t.co/vwRJCyS4yN",Tue Apr 07 01:01:30 +0000 2020,0,528,1522
@macyannette123 https://t.co/bMfN5D1ffw,Tue Apr 07 01:01:30 +0000 2020,1,316,313
"RT @RayDaTruth_: @MikeSanchize This is it, Chief.",Tue Apr 07 01:01:28 +0000 2020,0,3086,1309
RT @MrsAbbyLaufman: Every giant leap starts with one small step. #onlypurdue @PurdueEDU @LifeAtPurdue üñ§üíõ https://t.co/eNcJhvQWZZ,Tue Apr 07 01:01:18 +0000 2020,0,384,104
@HHSPrincipal10  #happybirthdaytoyou,Tue Apr 07 01:01:11 +0000 2020,1,101,316
"""ŸàŸÅŸä Ÿáÿ∞ÿß ÿßŸÑŸÅÿ¨ÿ± .. ÿ≥ŸáŸÑ ÿßŸÖÿ±Ÿäÿå Ÿàÿ≠ŸÇŸÇ ŸÖÿ∑ŸÑÿ®Ÿäÿå
Ÿàÿ≥ÿÆÿ± ŸÑŸä ŸÖÿß ŸáŸà ÿÆŸäÿ±ÿå ŸÅŸÄ ÿ£ŸÜÿ™ ÿßŸÑŸÖŸäÿ≥ÿ± ŸàÿßŸÜÿ™ ÿßŸÑŸÖÿ≥ŸáŸÑ Ÿäÿß ÿ£ÿ±ÿ≠ŸÖ ÿßŸÑÿ±ÿßÿ≠ŸÖŸäŸÜ.""",Tue Apr 07 01:01:08 +0000 2020,0,157,122
Can't wait to see these Raiders on the field this fall! https://t.co/eCuemd8Pns,Tue Apr 07 01:01:07 +0000 2020,2,192,9
"RT @PurdueBaseball: @NCAACWS Alexander Field, the home of the #Boilermakers since the fall of 2012. #BoilerUp

https://t.co/jjZQa4UtyM http‚Ä¶",Tue Apr 07 01:01:07 +0000 2020,0,711,1923
@InRodITrust24 https://t.co/ad4ko7SaO5,Tue Apr 07 01:00:59 +0000 2020,1,316,313
Meet Brett! Brett is a freshman at Purdue University majoring in Actuarial Science. Brett‚Äôs favorite part about tak‚Ä¶ https://t.co/SIh7d2YoUR,Tue Apr 07 01:00:55 +0000 2020,0,711,284
@courtney_arnott üíóüíó,Tue Apr 07 01:00:51 +0000 2020,1,263,240
@Curufean https://t.co/1nC9FV5RPM,Tue Apr 07 01:00:16 +0000 2020,0,45,258
@SalyerLucy we are managing.  Miss M *hates online classes so she is majorly stressed out. so hard to watch her hav‚Ä¶ https://t.co/xQqpU9K1aG,Tue Apr 07 01:00:01 +0000 2020,0,1301,1537
@MLBRandomStats Choo choo,Tue Apr 07 00:59:47 +0000 2020,0,49,526
RT @JessaParn: !Presidente! https://t.co/azHd3c5Fxi,Tue Apr 07 00:59:39 +0000 2020,0,6277,999
@IronMaiden I was around ten. My brother was a fan and told me to actually listen to the words. I sat silently outs‚Ä¶ https://t.co/ORsln4AHnd,Tue Apr 07 00:59:38 +0000 2020,0,34,139
"@ChuckWendig Cheeky chooks. It's a free game on steam and you make a chicken farm. 

OR

The good time garden. You‚Ä¶ https://t.co/guRGJcFDne",Tue Apr 07 00:59:25 +0000 2020,0,246,779
@JenMsft Hope you are having a great one!  We're all here with you in spirit.  üòÄ,Tue Apr 07 00:59:08 +0000 2020,1,283,260
Absolute lunatics @hopovictor @_vandemoo @edwardibia @Olawalz https://t.co/RlUISx6zdI,Tue Apr 07 00:57:59 +0000 2020,0,377,529
@Khad3ja @AcademicChatter Second  - if it's an asynchronous recording - don't try to make it perfect. Keeping it re‚Ä¶ https://t.co/KVPZ9TVGiX,Tue Apr 07 00:57:38 +0000 2020,3,34,180
"@PurdueNutrition Congratulations, Dr. Hill Gallant!  We will always be so proud you were part of @PurdueHHS.",Tue Apr 07 00:57:12 +0000 2020,0,285,250
@SAH_Chemistry Thank you Sarah!  It was a delight and pleasure to work with you!  #DigitalBadging #Bradythedog,Tue Apr 07 00:56:50 +0000 2020,0,530,53
"RT @jnessy_: amrik sita paksa masker yg dikirim dari pabrik 3M di asia tenggara ke negara2 di eropa padahal udah dibayar, sementara itu pab‚Ä¶",Tue Apr 07 00:56:41 +0000 2020,0,304,210
Zoomin with mah friend https://t.co/wq8ummM7NZ,Tue Apr 07 00:56:38 +0000 2020,0,0,7
"@Khad3ja @AcademicChatter If you can, keep your face on the screen (i.e., don't just show the powerpoint slide - in‚Ä¶ https://t.co/gPHa1wl9BT",Tue Apr 07 00:56:30 +0000 2020,5,34,180
"RT @kkimmyshimmy: The final moons from my update üåô

Tiger's eye + aquamarine üíô
Rose quartz + green tourmaline üíö

$50 each ‚ú®
https://t.co/8E‚Ä¶",Tue Apr 07 00:56:27 +0000 2020,0,118,303
@fistblue @NYeoman He graduates in May. What if this isn't about Purdue but about his education? Wild thought I kno‚Ä¶ https://t.co/0buWKc03lD,Tue Apr 07 00:56:17 +0000 2020,1,2714,1257
"RT @PurdueBaseball: @NCAACWS Alexander Field, the home of the #Boilermakers since the fall of 2012. #BoilerUp

https://t.co/jjZQa4UtyM http‚Ä¶",Tue Apr 07 00:56:12 +0000 2020,0,18350,879
"@MikeSanchize This is it, Chief.",Tue Apr 07 00:56:06 +0000 2020,0,598,566
"RT @kkimmyshimmy: These are the last pieces left from my update yesterday ‚òÄÔ∏èüåô‚ú®

Thank you guys SO much for all of the love and support I am‚Ä¶",Tue Apr 07 00:56:04 +0000 2020,0,118,303
@PattiMurphyLang @PurdueChemistry Thank you!  I still think of all my colleagues and friends at Ball State often.‚Ä¶ https://t.co/UiK5V1Ty5f,Tue Apr 07 00:56:00 +0000 2020,1,530,53
RT @bug_gwen: In happier news: more cute kid art https://t.co/MWOuN3tYOG,Tue Apr 07 00:55:48 +0000 2020,0,2010,3279
@freakyenough Damn,Tue Apr 07 00:55:32 +0000 2020,0,1045,1247
RT @jconline: Steven Beering was Purdue president from 1983 to 2000. The university reported this evening that he died. Beering was 87 and‚Ä¶,Tue Apr 07 00:55:22 +0000 2020,0,5097,896
"@chillbrains Why the asterisk next to ""All Natural""??",Tue Apr 07 00:55:13 +0000 2020,0,252,291
RT @bug_gwen: In happier news: more cute kid art https://t.co/MWOuN3tYOG,Tue Apr 07 00:54:59 +0000 2020,0,535,292
RIP Thoughts and prayers to his family. His grandson of the same name is a talented Purdue junior who you‚Äôll find s‚Ä¶ https://t.co/dKLqpsNtMi,Tue Apr 07 00:54:42 +0000 2020,5,703,1352
SAUL GOODMAN FOR PRES,Tue Apr 07 00:54:31 +0000 2020,2,505,722
"Rudy
Remember the Titans
Miracle https://t.co/LUbwmiNqdk",Tue Apr 07 00:54:31 +0000 2020,0,709,631
I‚Äôm the queen of ‚Äòit is what it is‚Äô lmaoo ain‚Äôt shit phase me,Tue Apr 07 00:54:17 +0000 2020,3,259,242
Senior prom Val vs. pre-quarantine Val. I loved that prom dress ü•∞ https://t.co/rmG3ej3f7m https://t.co/I8oHZZevoE,Tue Apr 07 00:54:07 +0000 2020,2,159,343
The ECC team is amazing! So compassionate; they truly care about every patient they treat. https://t.co/C9dxHSZHIR,Tue Apr 07 00:54:00 +0000 2020,1,283,260
@bettlejubs Melhor decis√£o :D,Tue Apr 07 00:53:54 +0000 2020,0,151,575
Updated scholarship chart and (very fluid) depth chart. Incoming freshmen are automatically at the bottom until pro‚Ä¶ https://t.co/M17LLSgNe0,Tue Apr 07 00:53:49 +0000 2020,3,852,596
"Coach Carter
Remember the Titans
Glory Road https://t.co/IxKL1GrSko",Tue Apr 07 00:53:44 +0000 2020,9,10322,1668
"RT @DaveShondell: 4/6 update on Tom Schermerhorn, basically more of the same. Tom remains on ventilator at about 40% assistance. @WestNoble‚Ä¶",Tue Apr 07 00:53:41 +0000 2020,0,123,113
@purduewildlifer It seems like some of the blackberries are susceptible to winter injury in the N. part of the stat‚Ä¶ https://t.co/TTlSsrsfAk,Tue Apr 07 00:53:27 +0000 2020,0,400,279
!Presidente! https://t.co/azHd3c5Fxi,Tue Apr 07 00:53:24 +0000 2020,3,1073,331
"RT @JayAkridge: No more school: Realistic ways for parents and families to cope, find balance while together at home https://t.co/tWD4zkFc8M",Tue Apr 07 00:53:20 +0000 2020,0,237,350
RT @Coach_RWallace: It‚Äôs a lifetime decision! #BoilerUp https://t.co/IJ0in7Pjvl,Tue Apr 07 00:53:09 +0000 2020,0,147,1182
"RT @Jo_Boileau: I always enjoy listening to @connorcarrick, but tonight he had a particular pearl of wisdom that I want to share. 

He said‚Ä¶",Tue Apr 07 00:52:57 +0000 2020,0,512,1545
Y'all are literally slobbering over a ghoul who just slashed medicaid during a global pandemic. The media is playin‚Ä¶ https://t.co/AhR5AQxI3D,Tue Apr 07 00:52:54 +0000 2020,0,95,86
"RT @AmneMachin: coincidentally, I just found the only good philosophy thought experiment (Amie Thomasson, Making Ontology Easy) https://t.c‚Ä¶",Tue Apr 07 00:52:45 +0000 2020,0,463,282
We are deeply saddened by the passing of a Purdue great. President Beering will forever be remembered as an importa‚Ä¶ https://t.co/jriom3ZXLu,Tue Apr 07 00:52:43 +0000 2020,11,2714,1257
"RT @AmneMachin: coincidentally, I just found the only good philosophy thought experiment (Amie Thomasson, Making Ontology Easy) https://t.c‚Ä¶",Tue Apr 07 00:52:24 +0000 2020,0,412,485
@JairRozenstruik @OnPointMMA @francis_ngannou @ufc @michaelbabb01 @TopNotchNL @NoahsArkLabel @AmericanTopTeam‚Ä¶ https://t.co/zhqTdRrlwr,Tue Apr 07 00:52:05 +0000 2020,0,66,74
@DraconickGaming https://t.co/jDKu4cCaoq,Tue Apr 07 00:52:00 +0000 2020,1,142,325
"@3phasefootball A3: This is how we block perimeter. Communication is key. WR and Slot talk before snap, who is most‚Ä¶ https://t.co/3Q6ZLr5fFM",Tue Apr 07 00:51:24 +0000 2020,0,1237,1186
"RT @PurdueEngineers: Persistence + expertise + equipment: @LifeAtPurdue faculty, staff and grad students are developing personal protective‚Ä¶",Tue Apr 07 00:50:50 +0000 2020,0,6544,6283
@drvholden Exactly!!,Tue Apr 07 00:50:35 +0000 2020,0,2146,651
"Exactly. Only Pell, the accusers, and God know the real truth. https://t.co/ugt8pIBZEd",Tue Apr 07 00:50:19 +0000 2020,2,681,724
Went for a walk in our neighborhood this evening and a neighbor came running out of his garage yelling ‚ÄúNo sling! N‚Ä¶ https://t.co/KzbUKfsKiW,Tue Apr 07 00:50:18 +0000 2020,6,6544,6283
RT @BlackDigitalHum: I'm sick thinking about all the Black people that are dying from #COVID19  &amp; other illnesses and are unable to have a‚Ä¶,Tue Apr 07 00:50:10 +0000 2020,0,1619,1085
"@morganar01 Ours isn‚Äôt until October, but I just got furloughed from work so there‚Äôs bigger priorities to think abo‚Ä¶ https://t.co/QYPMaGDHVo",Tue Apr 07 00:50:01 +0000 2020,0,263,240
my mom texted me this super cute picture of their new fireplace that my dad built for her. His little jazz hands ü•∫ü§ó‚Ä¶ https://t.co/Cwt6lEEPRh,Tue Apr 07 00:49:57 +0000 2020,3,133,44
"RT @Jo_Boileau: I always enjoy listening to @connorcarrick, but tonight he had a particular pearl of wisdom that I want to share. 

He said‚Ä¶",Tue Apr 07 00:49:50 +0000 2020,0,30118,623
"RT @bug_gwen: Stick insects also like the Village People, although they struggled with the M in YMCA ü§î https://t.co/wJrYFZIPcU",Tue Apr 07 00:49:41 +0000 2020,0,327,324
"@davidhollinrak1 @SyngentaUS Beyond thrilled to be a part of the comeback story, David!",Tue Apr 07 00:48:44 +0000 2020,1,1053,1038
"RT @DaveShondell: 4/6 update on Tom Schermerhorn, basically more of the same. Tom remains on ventilator at about 40% assistance. @WestNoble‚Ä¶",Tue Apr 07 00:48:34 +0000 2020,0,329,781
RT @baikauskas: A very similar message in my homily yesterday.,Tue Apr 07 00:48:15 +0000 2020,0,818,811
RT @PurdueCS: @kharel_aaditya Congratulations and welcome to #PurdueCS! üöÇüñ§üíõ,Tue Apr 07 00:47:53 +0000 2020,0,61,181
My neighbor has a fire going outside. BEST. SMELL. EVER.,Tue Apr 07 00:47:50 +0000 2020,0,67,139
@_youhadonejob1 How do you pronounce SQNY????,Tue Apr 07 00:47:34 +0000 2020,1,39,84
Purdue President Emeritus Steven Beering remembered https://t.co/RSpogPvyJw,Tue Apr 07 00:47:31 +0000 2020,1,2857,888
@YahooSports Madden and Michaels go together ... and then give me Gus Johnson! PURE!,Tue Apr 07 00:47:12 +0000 2020,0,307,637
@drvholden Yes! I'm worried about this!,Tue Apr 07 00:47:07 +0000 2020,0,2146,651
"RT @TripImprover: A 21-year old Francesco Hayez painted this luminous scene of Rinaldo and Armida in 1812. 

It is a 16th-century story abo‚Ä¶",Tue Apr 07 00:47:05 +0000 2020,0,786,525
@tsludwig üôè and thanks for sharing.,Tue Apr 07 00:46:44 +0000 2020,1,1742,3491
@hoosierdocsams @IUBloomington I mentioned yesterday to my daughter and wife that we should make a reservation‚Ä¶ https://t.co/J2m4GvBTMw,Tue Apr 07 00:46:43 +0000 2020,0,6544,6283
@wjameswolf @LitCoachB That pic is saved to my camera roll to be used in a meme later!  üòÜ,Tue Apr 07 00:46:26 +0000 2020,0,1656,1402
Damn this exam got me stressed üòî,Tue Apr 07 00:46:23 +0000 2020,0,312,273
My boyfriend makes essential worker money and now we have a ‚Äúdouble decker tv‚Äù https://t.co/EiDR3d6HTV,Tue Apr 07 00:46:05 +0000 2020,3,450,319
I definitely overthink so much. But what‚Äôs life if you don‚Äôt think about the past and how it‚Äôs fomed who you are today?,Tue Apr 07 00:46:04 +0000 2020,1,417,381
@nerfherder18 I personally think people are helping now more than ever. At least it feels that way.,Tue Apr 07 00:45:50 +0000 2020,0,235,507
üò¢ Such a loss for the @LifeAtPurdue family. https://t.co/e6l6zAQrf2,Tue Apr 07 00:45:46 +0000 2020,2,221,232
@montemarkomusic @prodhaze1 @SunnyLaurent_ @SupaManley @GavinHadley @SojoBeats @anselynl1 @gavinhadley_ Ayy I can‚Äôt wait to listen to it ü§ùü§ù,Tue Apr 07 00:45:13 +0000 2020,0,487,328
@UUuzsya ÂõûÂõΩË¶ÅËÄÅÂÆû‰∏ÄÁÇπÂì¶,Tue Apr 07 00:45:08 +0000 2020,0,428,799
"Right!?!  Great way to efficiently communicate, maintain accountability, and celebrate achievement!! https://t.co/775kn6LhOu",Tue Apr 07 00:45:04 +0000 2020,0,1656,1402
Habemus webpage! Un honor trabajar con uds @celenus83 @rossitavm @quezadandre @AbrilAF1 @Pacupe_1 @nell_arc‚Ä¶ https://t.co/pBR9qMQOH2,Tue Apr 07 00:44:55 +0000 2020,2,194,607
Wow. What an interesting take. https://t.co/41ocm12Zni,Tue Apr 07 00:44:22 +0000 2020,2,221,232
"Taking advantage of an empty office to rip and replace an IDF. (@ Faith Church - @faithlafayette in Lafayette, IN) https://t.co/VJAREpk7zL",Tue Apr 07 00:44:12 +0000 2020,1,1548,2282
"RT @kkimmyshimmy: My shop update is now live üåô

This is everything available!! Thank you guys so much for your support especially right now‚Ä¶",Tue Apr 07 00:43:29 +0000 2020,0,11491,2637
Twitter has this as a ‚Äúrecommended for you‚Äù tweet and I‚Äôm all ‚ÄúFinally somebody gets me‚Äù https://t.co/ixi0y7Rkju,Tue Apr 07 00:42:58 +0000 2020,4,6544,6283
@Forman Prophetstown? We saw one just like that on one of the trails. Hadn't seen one before.,Tue Apr 07 00:42:57 +0000 2020,0,221,232
"RT @purduepolsci: Congratulations, Professor Rosie Clawson, this year‚Äôs recipient of the Dean Helen B. Schleman Gold Medallion Award! Prese‚Ä¶",Tue Apr 07 00:42:32 +0000 2020,0,593,513
1900-1921: Professor Winthrop E. Stone was the president of Purdue University until he passed away in 1921. He died‚Ä¶ https://t.co/iRTsW75j9A,Tue Apr 07 00:42:17 +0000 2020,0,21,0
This is probably one of the best things I‚Äôve ever seen https://t.co/m0RqWDDQgc,Tue Apr 07 00:42:05 +0000 2020,0,238,110
"I always enjoy listening to @connorcarrick, but tonight he had a particular pearl of wisdom that I want to share.‚Ä¶ https://t.co/55IqQh2msZ",Tue Apr 07 00:41:42 +0000 2020,13,593,513
Congratulations to #bcerobotics Bobcats Team A for making it to the #VEXIQ Fantasy Tournament! It will be fun to se‚Ä¶ https://t.co/zHp2WZ4XXn,Tue Apr 07 00:41:26 +0000 2020,1,221,232
"So I‚Äôm standing in the kitchen opening a bottle of wine, minding my own damn business... and Alonso comes and grabs‚Ä¶ https://t.co/R36S4NWOKX",Tue Apr 07 00:41:22 +0000 2020,1,419,514
"@BrandedMark @KennyMillz3 Oh, yeah well in the case my original statement stands",Tue Apr 07 00:41:11 +0000 2020,0,662,1068
Got to chat on Insta Live with @manubennett today! Such a trip and a great talk with him. So glad I got to connect‚Ä¶ https://t.co/n1kXUCySjx,Tue Apr 07 00:41:09 +0000 2020,0,686,218
@FINALLEVEL I want to watch Ice T play Darksouls,Tue Apr 07 00:40:49 +0000 2020,0,103,174
@JoshuaL_12 @KennyMillz3 Yeah I think The Dive is the place we went first,Tue Apr 07 00:40:33 +0000 2020,0,104,230
@BoilerFootball @_jsparks12 Really enjoy the sparks of imagination! Gives me a break from reading and you‚Äôre making two new little fans!,Tue Apr 07 00:40:09 +0000 2020,1,19,93
"Steven Beering, Purdue president from 1983 to 2000, dies https://t.co/rcg9sTkZtA",Tue Apr 07 00:39:43 +0000 2020,0,8967,2541
Australian High Court quashes conviction of Cardinal Pell on sex offenses https://t.co/NhZVPMEyI0,Tue Apr 07 00:39:41 +0000 2020,0,19,218
"@KennyMillz3 Was that the first place you showed me, @BrandedMark ?",Tue Apr 07 00:39:20 +0000 2020,0,662,1068
one year ago I got my boy Rocky and he‚Äôs grown so much ‚ù§Ô∏è https://t.co/khOX18685s,Tue Apr 07 00:39:19 +0000 2020,7,949,1146
Psalms of Lament - TRINITY UNITED METHODIST CHURCH https://t.co/XHQMWKqjHM,Tue Apr 07 00:39:11 +0000 2020,0,97,82
on god i'd climb back up those stairs and jump back down on that car cuz of that little girl screaming her head off https://t.co/VrIM4fJTVk,Tue Apr 07 00:39:01 +0000 2020,3,334,434
RT @RebelCue: @jonfavs Every media outlet should only ask voter suppression questions to @POTUS  @realDonaldTrump during the Corona Virus r‚Ä¶,Tue Apr 07 00:39:00 +0000 2020,0,7083,7789
@palaeoconnor @RobertCMahon I feel seriously underachieved now. I just have one! üíª,Tue Apr 07 00:38:46 +0000 2020,1,1426,966
"Due to the ongoing health concern with COVID-19, we hope to make our first public appearance in July of 2020 at an‚Ä¶ https://t.co/obqvbKGnhX",Tue Apr 07 00:38:46 +0000 2020,0,0,0
kann Menschen einfach nicht ernst nehmen,Tue Apr 07 00:38:39 +0000 2020,8,674,225
RT @jconline: Steven Beering was Purdue president from 1983 to 2000. The university reported this evening that he died. Beering was 87 and‚Ä¶,Tue Apr 07 00:38:31 +0000 2020,0,219,383
"@MichaelBaysa me too, and I've had my PhD for 30 years . . . it's always hard work doing that kind of technical wri‚Ä¶ https://t.co/qe94pJPC1t",Tue Apr 07 00:38:18 +0000 2020,1,1301,1537
RT @RDPvolleyball: Love to see our girls coming together (virtually) during this unexpected time!! Miss you all and can‚Äôt wait to see you a‚Ä¶,Tue Apr 07 00:37:58 +0000 2020,0,79,134
"@ty_barten @SyngentaUS Send the address, might already have it saved on Zillow",Tue Apr 07 00:37:31 +0000 2020,0,1053,1038
"@JediofGallifrey You probably look closer to the WoW guy in South Park, but you've chosen hunky David Tennant as yo‚Ä¶ https://t.co/EqkRPnaUOF",Tue Apr 07 00:36:36 +0000 2020,0,13,82
@actordougjones Your hugs were the highlight of HorrorHound Weekend. Hope for more future hugs! #DougHugs https://t.co/Je9KLwUUcG,Tue Apr 07 00:36:19 +0000 2020,2,728,1088
@ReadMoreScience Sounds to me like you‚Äôre heading for a career in science writing.,Tue Apr 07 00:35:56 +0000 2020,2,2764,3014
"Big brand sunglasses 24-hour discount

@a_dee213 https://t.co/ShLyfyHm4A",Tue Apr 07 00:35:52 +0000 2020,0,1,23
RT @RDPvolleyball: Love to see our girls coming together (virtually) during this unexpected time!! Miss you all and can‚Äôt wait to see you a‚Ä¶,Tue Apr 07 00:35:48 +0000 2020,0,448,736
There was an implication in his reply that I can‚Äôt expect to function in the real world if I can‚Äôt ‚Äúdeal with confl‚Ä¶ https://t.co/VJZFyE0zjy,Tue Apr 07 00:35:20 +0000 2020,4,1953,990
RT @bug_gwen: In happier news: more cute kid art https://t.co/MWOuN3tYOG,Tue Apr 07 00:35:18 +0000 2020,0,41,287
M*A*S*H time! https://t.co/HLyy8cObHh,Tue Apr 07 00:34:30 +0000 2020,0,777,994
@EricaLWilliams7 Keeping your father in my prayers!,Tue Apr 07 00:34:05 +0000 2020,1,2146,651
@FanDuel @FDSportsbook @PatMcAfeeShow all day,Tue Apr 07 00:33:30 +0000 2020,3,267,490
@AvrilMHarder Seriously lacking in Nanaimo bars,Tue Apr 07 00:33:17 +0000 2020,1,362,875
@_Mars_F @KatyMontgomerie https://t.co/534ZG2RFWi,Tue Apr 07 00:33:14 +0000 2020,0,195,345
At $1.5 trillion a month the United States should have just covered all Payroll and made firing illegal during this catastrophe.,Tue Apr 07 00:32:43 +0000 2020,0,721,718
@david_tanenhaus they've been working to get to this day for decades. We cannot be surprised that they got here.,Tue Apr 07 00:32:27 +0000 2020,1,1301,1537
RT @jconline: Steven Beering was Purdue president from 1983 to 2000. The university reported this evening that he died. Beering was 87 and‚Ä¶,Tue Apr 07 00:32:14 +0000 2020,0,251,616
@3phasefootball A2. Not often if at all any more. QB Wrap out of pistol,Tue Apr 07 00:32:02 +0000 2020,0,1237,1186
Mine:üçë,Tue Apr 07 00:31:54 +0000 2020,1,342,229
14 Day Mobility Challenge Complete!! @thereadystate Gonna see how long I can keep this streak going.  #habits,Tue Apr 07 00:31:50 +0000 2020,0,432,294
"We‚Äôre closing in on our 8,500th game review. We‚Äôre celebrating this milestone by giving away a copy of whatever tha‚Ä¶ https://t.co/JiHebMGcIZ",Tue Apr 07 00:31:47 +0000 2020,0,58,1
Eu ignorando o TCC que eu tenho pra fazer. https://t.co/tDzVMsLkkH,Tue Apr 07 00:31:41 +0000 2020,2,171,130
RT @RebelCue: @jonfavs Every media outlet should only ask voter suppression questions to @POTUS  @realDonaldTrump during the Corona Virus r‚Ä¶,Tue Apr 07 00:31:40 +0000 2020,0,19,50
@jonfavs Every media outlet should only ask voter suppression questions to @POTUS  @realDonaldTrump during the Coro‚Ä¶ https://t.co/e7MdkonEvq,Tue Apr 07 00:31:36 +0000 2020,4,19,50
"Thor: Ragnarok, Dark Knight and Winter Soldier. https://t.co/AiLgv0zVCA",Tue Apr 07 00:31:12 +0000 2020,0,728,1088
"@ConnerMcNeely Thanks, Conner!",Tue Apr 07 00:31:12 +0000 2020,1,1656,1402
Okay but what about her net worth https://t.co/4IQDFxz9zA,Tue Apr 07 00:30:29 +0000 2020,3,568,704
RT @antoine2k17: When your university tells you to win give-aways to make rent. Purdue is fucking scum https://t.co/8pQ8Wiwmcn,Tue Apr 07 00:30:27 +0000 2020,0,4,120
"@fcb_carl @Boilermakers4er His real impact was the 2 blocks a game, definitely think we will move forward but it isn‚Äôt that simple",Tue Apr 07 00:29:52 +0000 2020,1,304,828
"RT @TheRealSpaf: Steven Beering, Purdue president from 1983 to 2000, dies.

I had many interactions with him, and he was wonderful.  This i‚Ä¶",Tue Apr 07 00:29:51 +0000 2020,0,1556,2786
@pinolaphoto Hey Dave! We are still planning on playing this season and still planning on being at Alexander Field.‚Ä¶ https://t.co/OSGvVmNPLe,Tue Apr 07 00:29:46 +0000 2020,2,2435,932
RT @JHSGuidance1: Happy 2and week of eLearning. We are here to support you! Try to work on a routine this week.‚úÖ Wake time‚úÖShower‚úÖStudy‚úÖExc‚Ä¶,Tue Apr 07 00:29:36 +0000 2020,0,1910,451
@Lifeon_Marz @PhatDaddylee @ThatsCarisma Lol the barbershops is closed have a heart üòÇüòÇüòÇüòÇ,Tue Apr 07 00:29:27 +0000 2020,6,587,903
@MrsC_HHS YESSSS!! üíûüíû,Tue Apr 07 00:28:45 +0000 2020,0,164,117
@chulariox Same,Tue Apr 07 00:28:44 +0000 2020,0,112,539
"RT @samueltking: Paul Leaf, who spent the last six years as Lafayette Jeff's asst athletic director, will take over lead the athletic depar‚Ä¶",Tue Apr 07 00:28:16 +0000 2020,0,28,98
"RT @kkimmyshimmy: These are the last pieces left from my update yesterday ‚òÄÔ∏èüåô‚ú®

Thank you guys SO much for all of the love and support I am‚Ä¶",Tue Apr 07 00:28:13 +0000 2020,0,3188,1422
"@SalyerLucy hey I finally opened the Dec JAH and saw that wonderful review of Starry Flag! Congrats--first of many more, I'm sure.",Tue Apr 07 00:27:55 +0000 2020,1,1301,1537
"RT @samueltking: Paul Leaf, who spent the last six years as Lafayette Jeff's asst athletic director, will take over lead the athletic depar‚Ä¶",Tue Apr 07 00:27:54 +0000 2020,0,1910,451
üëäüèº https://t.co/FY9NAYXLKr,Tue Apr 07 00:27:48 +0000 2020,1,3988,1171
That's too bad. #RIP https://t.co/ydW1HuKx8n,Tue Apr 07 00:27:48 +0000 2020,0,283,260
RT @KholderfHR: Mackey and I took a stroll to Fairfield Lakes Park today to enjoy this nice weather! https://t.co/eTNY2WgBWj,Tue Apr 07 00:27:47 +0000 2020,0,29,138
"RT @TheRealSpaf: Steven Beering, Purdue president from 1983 to 2000, dies.

I had many interactions with him, and he was wonderful.  This i‚Ä¶",Tue Apr 07 00:27:46 +0000 2020,0,732,2054
"Myers, Jason and Freddy. All have a series of great and terrible films, but almost always entertaining. #Horror https://t.co/8GV5JWwVyn",Tue Apr 07 00:27:44 +0000 2020,0,728,1088
"My father asked why wouldn‚Äôt watch Trump‚Äôs press conference with him today. ‚ÄúIt makes me anxious,‚Äù I said. ‚ÄúI don‚Äôt‚Ä¶ https://t.co/PjN0lbyrnk",Tue Apr 07 00:26:04 +0000 2020,7,1953,990
@Memo_Man32 Du bro,Tue Apr 07 00:25:56 +0000 2020,1,674,225
"Steven Beering, Purdue president from 1983 to 2000, dies.

I had many interactions with him, and he was wonderful.‚Ä¶ https://t.co/A8DXcaV500",Tue Apr 07 00:25:47 +0000 2020,4,5349,519
RT @BoilerUniforms: If you have a theory on why Matt Haarms is leaving and you are making it sound like you actually know what you're talki‚Ä¶,Tue Apr 07 00:25:44 +0000 2020,0,935,937
Doing just what those guys were put there to do. https://t.co/WevN6LpdoC,Tue Apr 07 00:25:41 +0000 2020,0,1301,1537
@CoachJonBeck Four in Indiana. A lot of the old guard still are up in arms about the sacred tournament being desecr‚Ä¶ https://t.co/lG1tascXLI,Tue Apr 07 00:25:39 +0000 2020,3,8967,2541
@chrisod @anildash Well this just went on my list!,Tue Apr 07 00:25:38 +0000 2020,2,3414,2500
"@VegasHerrle @oldboiler52 @zach_edey None of them, but I‚Äôm just talking about negativity. What makes you so sure he‚Ä¶ https://t.co/QtE8Yowcs1",Tue Apr 07 00:25:00 +0000 2020,0,935,937
@brianstelter Pass,Tue Apr 07 00:24:51 +0000 2020,0,39,84
Live at Leeds. @ It's the Berrys https://t.co/B6hTIptAly,Tue Apr 07 00:24:19 +0000 2020,0,880,195
Just got to the flu outbreak episode of #HartofDixie and it's feeling a little too timely.,Tue Apr 07 00:23:41 +0000 2020,1,1042,1582
"Riderless rig (with ""Magic Bus"") @ It's the Berrys https://t.co/dkRjz3hKPs",Tue Apr 07 00:23:36 +0000 2020,0,880,195
@AnneMuntean he keeps saying the bad parts out loud,Tue Apr 07 00:23:31 +0000 2020,1,1301,1537
RT @City_Lafayette: https://t.co/PKJFy0nSpB,Tue Apr 07 00:23:30 +0000 2020,0,283,260
"AA33A861 :ÂèÇÊà¶ID
ÂèÇÂä†ËÄÖÂãüÈõÜÔºÅ
Lv150 „Éó„É≠„Éà„Éê„Éè„É†„Éº„Éà
https://t.co/ggJlUG2ODB",Tue Apr 07 00:23:28 +0000 2020,0,4,136
LORD!!!! The block will never be the same again. üî•üî•üî• https://t.co/O53qRnsEPy,Tue Apr 07 00:23:24 +0000 2020,0,731,1219
RT @jconline: Steven Beering was Purdue president from 1983 to 2000. The university reported this evening that he died. Beering was 87 and‚Ä¶,Tue Apr 07 00:23:00 +0000 2020,0,1236,819
@pleaf85 @TpKnights @TradersPointCS Congratulations Paul,Tue Apr 07 00:22:56 +0000 2020,0,75,175
RIP Mr. Kaline. Your voice introduced me to #Baseball and three decades later I remain grateful. https://t.co/pYjU7hjlof,Tue Apr 07 00:22:49 +0000 2020,0,288,709
@saraklind None. None long.,Tue Apr 07 00:22:42 +0000 2020,0,3414,2500
INDIANA ACADEMY MET                                             November 1909: The celebration of the twenty-fifth‚Ä¶ https://t.co/OCj2vDqLao,Tue Apr 07 00:22:19 +0000 2020,0,21,0
@sourjoeybean OKG@NOOO,Tue Apr 07 00:21:54 +0000 2020,1,673,2337
"RT @JessicaMathis88: One of the hardest things about #bpd for me is that I really struggle to let things go. It doesn‚Äôt matter what it is,‚Ä¶",Tue Apr 07 00:21:25 +0000 2020,0,2514,2505
@venyzzle entfolg mir,Tue Apr 07 00:21:19 +0000 2020,1,674,225
"RT @bug_gwen: Stick insects also like the Village People, although they struggled with the M in YMCA ü§î https://t.co/wJrYFZIPcU",Tue Apr 07 00:21:17 +0000 2020,0,1822,1273
RT @BallGame_SWISH: With jobs and shit shutting down I hope y‚Äôall hustle hand right,Tue Apr 07 00:21:13 +0000 2020,0,569,555
Irony alert. https://t.co/LLvCmU77Vi,Tue Apr 07 00:21:01 +0000 2020,0,508,1752
Could We Have Bears Vs Redskins 2019 on One Of These MNF Classic Monday‚Äôs.,Tue Apr 07 00:20:56 +0000 2020,0,279,1380
"@CWohlwend18 @3phasefootball We love to ""squeeze"" our WRs and get a crack with the X or Z also. Sets egde quicker",Tue Apr 07 00:20:51 +0000 2020,2,1237,1186
Listen to the most recent episode of my podcast: Ione cries about a miracle https://t.co/PdbpEFHIjS,Tue Apr 07 00:20:50 +0000 2020,0,153,597
@bomani_jones @KyleBrandt https://t.co/ZZcSjoaqdi,Tue Apr 07 00:20:20 +0000 2020,0,163,393
"64 teams remained in Indiana state tournament when it was canceled, including Rossville and Covington. Can't imagin‚Ä¶ https://t.co/TSPnitQOyS",Tue Apr 07 00:20:18 +0000 2020,9,8967,2541
"RT @IUHealthWCR: Please take the time to honor and thank the men and women of our Environmental Services team, who spend countless hours pr‚Ä¶",Tue Apr 07 00:20:14 +0000 2020,0,283,260
@Glf4evr @PGATOUR Sounds like a whip hitting the side of a barn,Tue Apr 07 00:20:12 +0000 2020,1,107,573
"@NoahOskow @UnseenJapanSite I'll keep an eye out for your piece! When I think of it, I consider Pom Poko the best o‚Ä¶ https://t.co/4Q5gypNHUZ",Tue Apr 07 00:20:11 +0000 2020,2,7148,6460
"@ChrisMillerman5 @randyjcruz Pistons, Grizz, and T-wolves",Tue Apr 07 00:20:07 +0000 2020,0,116,186
@SoundOfYogi @andi_qb @umaleao ga inget akherat keknya,Tue Apr 07 00:20:00 +0000 2020,0,7615,646
help i've fallen deep into the hole of reylo fan fic and i cant get out AND THATS ON READING MY THIRD FAN FIC IN 72 HOURS #reylofanfic,Tue Apr 07 00:19:21 +0000 2020,0,943,2089
@3phasefootball A1: We love Rocket Toss. Found much more success with it this past season. It obviously helps havin‚Ä¶ https://t.co/Z57BNmccxa,Tue Apr 07 00:19:07 +0000 2020,2,1237,1186
@RobProvince Is that a bad thing?,Tue Apr 07 00:19:07 +0000 2020,0,508,1752
"RT @kkimmyshimmy: These are the last pieces left from my update yesterday ‚òÄÔ∏èüåô‚ú®

Thank you guys SO much for all of the love and support I am‚Ä¶",Tue Apr 07 00:18:57 +0000 2020,0,7391,644
"RT @WL_RDP: Love this. Thanks, Coach Fry, for putting this up! #RDP",Tue Apr 07 00:18:57 +0000 2020,0,1236,819
"@spklein2 @SyngentaUS Awesome. Ames is a nice town, and I think Des Moines is a super underrated city in general. You‚Äôll like it!",Tue Apr 07 00:18:53 +0000 2020,1,1053,1038
"Someone please explain to SEC country that if they want football, they need to stay home for the next few weeks.‚Ä¶ https://t.co/SzYF4lljhX",Tue Apr 07 00:18:50 +0000 2020,0,1037,2224
"@mouldie_sep total visitor 350 juta, sekarang sehari bisa 30 juta.",Tue Apr 07 00:18:30 +0000 2020,0,7615,646
That‚Äôs better!  @SongPop1 @DoniaDuchess https://t.co/3Dtp1W0R4J,Tue Apr 07 00:18:19 +0000 2020,0,53,375
RT @RDPvolleyball: Love to see our girls coming together (virtually) during this unexpected time!! Miss you all and can‚Äôt wait to see you a‚Ä¶,Tue Apr 07 00:18:06 +0000 2020,0,1236,819
RT @BlackDigitalHum: I'm sick thinking about all the Black people that are dying from #COVID19  &amp; other illnesses and are unable to have a‚Ä¶,Tue Apr 07 00:18:05 +0000 2020,0,411,503
RT @jconline: Steven Beering was Purdue president from 1983 to 2000. The university reported this evening that he died. Beering was 87 and‚Ä¶,Tue Apr 07 00:18:02 +0000 2020,0,7029,3204
@venyzzle Oha frech,Tue Apr 07 00:17:34 +0000 2020,1,674,225
"@NoahOskow @UnseenJapanSite Yeah, a bit off and on. Mostly off now, although I did have a column for a bit. Writing‚Ä¶ https://t.co/QePglyucbW",Tue Apr 07 00:17:21 +0000 2020,2,7148,6460
@liberalsrock2 Because the census won't rob the GOP of power,Tue Apr 07 00:17:10 +0000 2020,0,1236,819
"RT @RebelCue: File this under things @benshapiro WON'T tweet about.

I know @trevornoah, @TheDailyShow, @tomsegura and @billmaher will.

Ho‚Ä¶",Tue Apr 07 00:17:09 +0000 2020,0,19,50
@Super70sSports Good grief!,Tue Apr 07 00:17:07 +0000 2020,0,107,573
RT @CVIRLab: Congratulations to Elizabeth Niedert and Jessica Ma for their successful masters defenses! Both had outstanding virtual suppor‚Ä¶,Tue Apr 07 00:17:04 +0000 2020,0,681,2422
"File this under things @benshapiro WON'T tweet about.

I know @trevornoah, @TheDailyShow, @tomsegura and @billmaher‚Ä¶ https://t.co/n8pNrQazPG",Tue Apr 07 00:17:02 +0000 2020,0,19,50
"@venyzzle oh, du mich eigentlich √ºberhaupt nicht üò≤üòî",Tue Apr 07 00:16:41 +0000 2020,1,674,225
"RT @PurdueSoccer: Happy National Student-Athlete Day to our Boilermakers! Every day, you make us proud, inspire us and are shining examples‚Ä¶",Tue Apr 07 00:16:39 +0000 2020,0,681,2422
@thegoodphyte https://t.co/ch1AxooF2T,Tue Apr 07 00:16:21 +0000 2020,0,1053,1038
"Today's #CoronaVirusCompliment goes out to the folks @3M @PURELL, their employees (and their families), and all of‚Ä¶ https://t.co/fUPvr4Fco8",Tue Apr 07 00:16:12 +0000 2020,0,288,709
@GregMcLNK Where‚Äôs Rick Pitino going again? That‚Äôs the big bucks!,Tue Apr 07 00:16:12 +0000 2020,0,1037,2224
"here we goooooo
#4 in a series of 5 

#moviemarathon
#CoronavirusOutbreak #coronavirus #CoronavirusPandamic‚Ä¶ https://t.co/wpy93V7Ur6",Tue Apr 07 00:16:06 +0000 2020,0,797,3860
RT @JeffStefancic: @davebangert Got the new issue of Indianapolis Monthly in the mail a few days ago. Over half of it was promoting events‚Ä¶,Tue Apr 07 00:16:02 +0000 2020,0,1236,819
@venyzzle Du uns auch,Tue Apr 07 00:15:41 +0000 2020,1,674,225
"Paul Leaf, who spent the last six years as Lafayette Jeff's asst athletic director, will take over lead the athleti‚Ä¶ https://t.co/t74kk7YKKP",Tue Apr 07 00:15:21 +0000 2020,20,8967,2541
RT @stephenlmeyers: The bramble patch I inherited from the previous home owner was in tough shape. Here are some quick tips for those who w‚Ä¶,Tue Apr 07 00:15:18 +0000 2020,0,203,539
@VegasHerrle @oldboiler52 @zach_edey You really don‚Äôt know this until he plays in a real game.,Tue Apr 07 00:15:11 +0000 2020,0,935,937
RT @BraveWords666: BLACK SABBATH Guitarist TONY IOMMI's Auction In Support Of COVID-19 Pandemic Goes Live; Items Re‚Ä¶ https://t.co/upWqsJYs8I,Tue Apr 07 00:15:03 +0000 2020,0,942,2133
"RT @Boiler0fLegend: Sucks to see Haarms go, but y‚Äôall keep acting like we don‚Äôt have two other 7 footers in the pipeline üòÇ",Tue Apr 07 00:14:58 +0000 2020,0,29,353
RT @BlackDigitalHum: I'm sick thinking about all the Black people that are dying from #COVID19  &amp; other illnesses and are unable to have a‚Ä¶,Tue Apr 07 00:13:59 +0000 2020,0,325,327
RT @KholderfHR: @WLNSAlexSims SEC going to destroy themselves @HammerAndRails,Tue Apr 07 00:13:32 +0000 2020,0,5976,7277
my brother got big bored during quarantine https://t.co/eDGxccY8q5,Tue Apr 07 00:13:29 +0000 2020,3,312,169
RT @voteBeBOLD: RESULTS ARE IN! We look forward to the opportunity to serve as your next President &amp; Vice President-elect of PSG! From the‚Ä¶,Tue Apr 07 00:13:16 +0000 2020,0,944,323
@Atekoja_zayyad ???,Tue Apr 07 00:13:12 +0000 2020,0,185,248
RT @BoilerUniforms: If you have a theory on why Matt Haarms is leaving and you are making it sound like you actually know what you're talki‚Ä¶,Tue Apr 07 00:13:00 +0000 2020,0,15,86
"RT @bug_gwen: Stick insects also like the Village People, although they struggled with the M in YMCA ü§î https://t.co/wJrYFZIPcU",Tue Apr 07 00:12:47 +0000 2020,0,41,287
@BellesLilSecret Fishnet bodysuit? I'm interested!,Tue Apr 07 00:12:40 +0000 2020,1,11,165
"I love that he is doing this, such beautiful poetry. Also I love Sonnet 18 https://t.co/VWTVlLvu6Z",Tue Apr 07 00:12:02 +0000 2020,0,334,807
A. S. M. E. MEETING June 1907: Distinguished engineers visited Purdue. Extensive discussion was done on papers abou‚Ä¶ https://t.co/oU0VEKnXxf,Tue Apr 07 00:11:52 +0000 2020,0,21,0
I've always had great care at @IUHealthWCR. Wishing them well and that they stay safe in the weeks to come. https://t.co/9qaBybozrO,Tue Apr 07 00:11:49 +0000 2020,0,283,260
RT @Brittne20439610: Trying different looks with my blue blood palette üòçüíôüòç https://t.co/afPrfEvWsb,Tue Apr 07 00:11:29 +0000 2020,0,471,0
RT @JayAkridge: Purdue Approves New Hall of Science Name https://t.co/SKGGAnl5C9,Tue Apr 07 00:10:56 +0000 2020,0,267,252
@ZaliyahOnyae Nooooo omgü§£ü§£,Tue Apr 07 00:10:56 +0000 2020,0,719,772
@mialee932 She looks sexy thooo,Tue Apr 07 00:10:44 +0000 2020,0,719,772
@pastramimachine @mbeisen @ramencult Everyone knows that Portland is just south Olympia,Tue Apr 07 00:10:42 +0000 2020,1,362,875
@reamccly @Radio1045 @CageTheElephant I don spel 2 Gud,Tue Apr 07 00:09:55 +0000 2020,0,79,280
"CP3
Nash
Kidd
Stockton https://t.co/aq2LuEfer7",Tue Apr 07 00:09:54 +0000 2020,0,87,612
"RT @jnessy_: @mumus72 @GiaPratamaMD PDP model ignorant begini yg harusnya dikasih stigma sama masyarakat sekitar, bukan ODP apalagi yg test‚Ä¶",Tue Apr 07 00:09:44 +0000 2020,0,844,1065
LMAOOOüòÇüò≠ https://t.co/8cG8phK2NY,Tue Apr 07 00:09:37 +0000 2020,0,354,579
@lefttheparty @tonyturnertn @Atticus59914029 @ThatEricAlper Sadie Darnell gave Tom a book of quotes once and one of‚Ä¶ https://t.co/unxq1T1Q61,Tue Apr 07 00:09:31 +0000 2020,3,107,573
"RT @JayAkridge: No more school: Realistic ways for parents and families to cope, find balance while together at home https://t.co/tWD4zkFc8M",Tue Apr 07 00:09:23 +0000 2020,0,1249,1011
In*^,Tue Apr 07 00:09:12 +0000 2020,0,79,280
@HammerAndRails Exactly. Get Morton and Ivey on the court and see what we‚Äôve got. Those guys are winners.,Tue Apr 07 00:08:59 +0000 2020,1,935,937
@WhoDatTwit @PurdueHortExt @PurdueExtension @PurdueVineGuy Looks like you're on the right track.  They're a good bi‚Ä¶ https://t.co/F3M3W5yfee,Tue Apr 07 00:08:57 +0000 2020,1,400,279
"RT @TippecanoeCoSh1: Help spread the word, @LafayetteBOC is having local leaders video themselves reading books for kids.  Can be seen on t‚Ä¶",Tue Apr 07 00:08:47 +0000 2020,0,288,471
"Reason wants the government to manage . . . anything?

No, Reason, .gov is going to screw this up, no matter who is‚Ä¶ https://t.co/UKVFEcwo0E",Tue Apr 07 00:08:46 +0000 2020,1,257,202
@haslametrics Weren't you complaining about the slow portal since the Rona hit? Happy now? ü§®üßê,Tue Apr 07 00:08:45 +0000 2020,0,44,188
"Sucks to see Haarms go, but y‚Äôall keep acting like we don‚Äôt have two other 7 footers in the pipeline üòÇ",Tue Apr 07 00:08:06 +0000 2020,5,935,937
ÿ∑ÿ±ŸäŸÇ ÿßŸÑÿ≥ŸÑÿßŸÖŸá ÿßŸÜÿ™Ÿä ÿ®ÿ¶ÿß üòÇüòÇ https://t.co/VE752GyDER,Tue Apr 07 00:08:05 +0000 2020,0,157,122
@ContentNBA @TheHoopCentral https://t.co/9GCMGBaLzs,Tue Apr 07 00:07:49 +0000 2020,0,87,612
@YoungAndProsper We need to!!,Tue Apr 07 00:07:36 +0000 2020,1,719,772
"No more school: Realistic ways for parents and families to cope, find balance while together at home https://t.co/tWD4zkFc8M",Tue Apr 07 00:07:19 +0000 2020,7,3066,435
I promise u I haven‚Äôt done shit man... https://t.co/WQWE9A14kb,Tue Apr 07 00:07:17 +0000 2020,0,354,579
@TFPwn One of us. One of us. One of us. Hit me up with your switch name for island adventures.,Tue Apr 07 00:07:12 +0000 2020,1,22,263
RT @Brittne20439610: Trying different looks with my blue blood palette üòçüíôüòç https://t.co/afPrfEvWsb,Tue Apr 07 00:07:07 +0000 2020,0,396,0
Steven Beering was Purdue president from 1983 to 2000. The university reported this evening that he died. Beering w‚Ä¶ https://t.co/RCxXl83yfR,Tue Apr 07 00:07:04 +0000 2020,38,29102,1216
WE LOVE A COKED UP ABEL https://t.co/jApiD4Tc4B,Tue Apr 07 00:07:01 +0000 2020,0,354,579
RT @jnessy_: @VbriSyahrir .....kurt watching from above https://t.co/SycOXAG51j,Tue Apr 07 00:07:00 +0000 2020,0,164,129
RT @BarstoolPU: We wish Matt the best üëå,Tue Apr 07 00:06:46 +0000 2020,0,285,1843
@TFPwn @anddylanrew Congratulations!,Tue Apr 07 00:06:27 +0000 2020,1,22,263
Lafayette IN: Perrin Neighbothood - lovely 40 min walk evening alone https://t.co/4dBZ0e2KOh,Tue Apr 07 00:06:23 +0000 2020,1,1236,819
@ImVontee I ain‚Äôt got none ü§∑üèΩ‚Äç‚ôÄÔ∏è,Tue Apr 07 00:06:06 +0000 2020,0,354,579
@TheRealSchrader @pskly @aneeshswamy @HammerAndRails Painter is on record saying this season was Dowouna‚Äôs real red‚Ä¶ https://t.co/CMQRi2aarI,Tue Apr 07 00:06:06 +0000 2020,0,935,937
@GolfMonthly https://t.co/1aSx6KUuIc,Tue Apr 07 00:06:04 +0000 2020,0,38,139
Lafayette IN: Perrin Neighbothood - lovely 40 min walk evening alone https://t.co/wTDeOTPo7l,Tue Apr 07 00:05:56 +0000 2020,1,1236,819
"RT @PurdueChicks: ‚ö™Ô∏èSingle
‚ö™Ô∏èTaken
üîòStraight up not having a good 
     time away from purdue",Tue Apr 07 00:05:49 +0000 2020,0,642,694
Purdue Approves New Hall of Science Name https://t.co/SKGGAnl5C9,Tue Apr 07 00:05:45 +0000 2020,3,3066,435
Why are we attacking the person that was the least sketchy in the entire show? https://t.co/uMnmwH5QNs,Tue Apr 07 00:05:40 +0000 2020,2,238,110
Lafayette IN: Murdoch Park lovely 40 min walk evening alone https://t.co/ypvavQVzj8,Tue Apr 07 00:05:06 +0000 2020,2,1236,819
@bluethunder1836 Definitely a scenario I wouldn‚Äôt have seen coming a week ago. Edey seemed like a sure redshirt.,Tue Apr 07 00:04:19 +0000 2020,0,935,937
"Big brand sunglasses 24-hour discount

@diazsybil89 @UbaldoIzquierdo @kaybellburke @ImpactZoneFit @ChiveOnIndy‚Ä¶ https://t.co/P2sNKugHav",Tue Apr 07 00:04:18 +0000 2020,0,35,193
Ready to go again! @larsulrich @KirkHammett @RobertTrujillo @Metallica @blckndwhsky https://t.co/rD5yqnEYY8,Tue Apr 07 00:03:51 +0000 2020,1,23,223
@ArielAbshire A relevant funny quote from Dumb and Dumber :) https://t.co/R7m5k0CqrS,Tue Apr 07 00:03:42 +0000 2020,0,585,1147
"@a_crawford14 i always knew there was something weird about you, now i know... pickles are üî•",Tue Apr 07 00:03:37 +0000 2020,2,164,210
RT @JacksChrome: Making the most of this #Monday afternoon üôåüèº w/ a quick clip üì∫ from our üÜíüÜïüíØ Years of Trucking - Trucking in the 2Ô∏è‚É£0Ô∏è‚É£0Ô∏è‚É£‚Ä¶,Tue Apr 07 00:03:26 +0000 2020,0,95,544
"RT @RajniKSah: Finally it's here üòçüòç
#APieceOfYourMind OST by #Elaine",Tue Apr 07 00:03:22 +0000 2020,0,192,100
I work in Wisconsin and my workplace (and many others) are WFH currently! This is ridiculous and causes people unne‚Ä¶ https://t.co/OC1tYiM4wW,Tue Apr 07 00:03:16 +0000 2020,5,326,755
"The judges know how deadly this pandemic is and yet they refuse to release them.

I never, ever will hear a judge s‚Ä¶ https://t.co/mSqwUmSIKa",Tue Apr 07 00:03:16 +0000 2020,0,257,202
@NoahOskow One of my favorites. And it prompted me to write one of the articles I'm proudest of. https://t.co/QX9e0dq24J,Tue Apr 07 00:03:16 +0000 2020,1,7148,6460
"RT @bug_gwen: Stick insects also like the Village People, although they struggled with the M in YMCA ü§î https://t.co/wJrYFZIPcU",Tue Apr 07 00:03:15 +0000 2020,0,3102,2671
@RE_Games So why did I pay 60$ for a 3 hour game again ?,Tue Apr 07 00:03:12 +0000 2020,0,79,280
RT @tysonmiller71: Ran some stairs today and went on a run #AGNB https://t.co/xvjn5Oxk5e,Tue Apr 07 00:03:05 +0000 2020,0,1844,729
@lunamosity_ I work in silence or watch Steven universe üíû I also love driving in silence!!!,Tue Apr 07 00:03:02 +0000 2020,1,11164,1223
"RT @kkimmyshimmy: These are the last pieces left from my update yesterday ‚òÄÔ∏èüåô‚ú®

Thank you guys SO much for all of the love and support I am‚Ä¶",Tue Apr 07 00:02:55 +0000 2020,0,69,141
"The 2020‚Äô FB season is 136 days away: Play #6: 2019 vs. LC:  4th quarter O-Squad drive stalled out, and @eliazm10 d‚Ä¶ https://t.co/0qDQsyokXh",Tue Apr 07 00:02:41 +0000 2020,10,1844,729
@cg505_ htop + f5 for tree?,Tue Apr 07 00:02:39 +0000 2020,0,848,269
RT @TeamWLSoftball: A tribute to our seniors. ‚ù§Ô∏è @luciaperrinn @kierstenwood13 @shai_szulkowski @parkercaroline2 https://t.co/0Z1VKGvLAD,Tue Apr 07 00:02:22 +0000 2020,0,21,30
People who microwave their pizza rolls are immune to the corona virus,Tue Apr 07 00:02:12 +0000 2020,0,332,262
@CalumWorthy lol Calum u ARE the sass master https://t.co/hRRA958eAK,Tue Apr 07 00:02:10 +0000 2020,0,113,661
"Hydrogel-forming microneedle arrays as a therapeutic option for transdermal esketamine delivery.
| Ryan F. Donnelly‚Ä¶ https://t.co/MElPEc5VW6",Tue Apr 07 00:01:58 +0000 2020,2,3412,302
@clairecdowns I don't know who this Anderson guy is but your quote of his isn't accurate,Tue Apr 07 00:01:50 +0000 2020,0,92,693
@maciel1796 @Ivanv56 ü§î,Tue Apr 07 00:01:34 +0000 2020,4,243,189
"@al5252 @MarkMheston @conservmillen Do you really believe that people who post disregard life? If so, doesn't that‚Ä¶ https://t.co/M8YwifirAd",Tue Apr 07 00:01:31 +0000 2020,0,6,137
If the cage show for June 18th and Harrisburg gets canceled I‚Äôm blaming Carol Baskin,Tue Apr 07 00:01:29 +0000 2020,1,79,280
RT @canalstreetvsvp: kennedy!!!!! gah damn girl!!!! ü•µ,Tue Apr 07 00:01:04 +0000 2020,0,70737,214
"@adamSicle Bruuuuuuh. Just lemme give you some reccomendations, theres so much better smh",Tue Apr 07 00:01:01 +0000 2020,0,171,890
@bitchim999 Miss Me with Lil Wayne,Tue Apr 07 00:00:55 +0000 2020,0,345,732
RT @AmneMachin: William Bronk (Bronk) https://t.co/I5ygNGHBLF,Tue Apr 07 00:00:30 +0000 2020,0,972,688
Important info from the DNR below üëá https://t.co/zdgWkrbWCc,Tue Apr 07 00:00:18 +0000 2020,0,1354,418
